319,ROYAL HARDWARE,15,"NO.87, 14 ROAD, 15",Co-operate,0,525676565
318,NEW CITY ELECTRICALS,14,"NO.17/B, GOLF ROAD, OLD TOWN, DIGANA, RAJAWELLA",Co-operate,0,727470671
317,NEW JANATHA STEEL,14,DIGANA,Co-operate,0,
316,RIZNA HARDWARE,15,15,Co-operate,0,774418182
315,PRIYANTHA HARDWARE,22,"NO.16 MAIN STREET, BUTTALA",Co-operate,0,0
314,ASMA ELECTRICALS,14,AMBATHANNA,Co-operate,0,
313,KOTMALE HARDWARE,14,"NO.03, NEW TOWN, KOTMALE",Co-operate,0,574490082
312,MARASINGHE ELECTRICALS,21,"PELLIWINNA ROAD, KEPPATIPOLA",Co-operate,0,574490081
311,THASMIYA HARDWARE,15,"NO.17/1, 14 RD, NUWARAELIYA",Co-operate,0,752600802
310,CITY ELECTRICALS,14,"NO.365, AKURANA",Co-operate,0,777285850
309,SUMUDU TRADERS,14,"NO.06, DAULAGALA ROAD, GELIOYA",Co-operate,0,812310635
308,SADAMALI HARDWARE,14,"NO.73/1, ANKUMBURA ROAD, DOLAPIHILLA",Co-operate,0,779378895
307,UDADUMBARA STEEL,14,"NO.10/B, THELDENIYA ROAD, MADAWALA BAZAR",Co-operate,0,779630124
306,LANKA LIGHT ELECTRICALS,14,"14 ROAD, MEDAWALA",Co-operate,0,767053115
305,25 ELECTRICALS HOLDINGS,14,"NO.461, WILLIAM GOPALLAWA, 14",Co-operate,0,812220380
304,25 ELECTRICALS DSA,14,"DSA ELECTRICALS, NO.82, YATINUWARA STREET, 14",Co-operate,0,0
303,25 ELECTRICALS AGENCY,14,"NO.71, YATINUWARA STREET, 14",Co-operate,0,812224473
302,25 ELECTRICALS,14,"DIGANA ROAD, KUNDASALE",Co-operate,0,769359399
301,YOONUS ELECTRICALS,14,"NO.12, THELDENIYA ROAD, MADAWALA BAZAR",Co-operate,0,778880004
300,WELEKADE GLASS & ELECTRICALS,14,"NO.252/4A, MULLEGAMA, AMBATHENNA",Co-operate,0,0812300078/0777582192
299,WAYAMBA ELECTRICALS - MATALE,13,"NO.134, MAIN STREET, MATALE",Co-operate,0,0662226767/ 0777491116
298,UNISUM ELECTRICALS,21,"NO.20, SUPER MARKET, BUS STAND, WELIMADA",Co-operate,0,766325553
297,SMART HOMES & ELECTRICALS,13,"NO.172, MAIN STREET, 13",Co-operate,0,662233995
296,SAMAN ELECTRONICS,14,"J 2005/44/11, NEW TOWN, DIGANA, RAJAWELLA",Co-operate,0,0773280614/ 0812376493
295,R.S ELECTRONIC  (N.R.F. ELECTRICALS & ENG),13,"NO.679, 18 STREET, 13",Co-operate,0,777359199
294,RUKMAL ELECTRICALS,14,"NO.110/4, SIRIMALWATTA ROAD, MANIKHINNA",Co-operate,0,716588715
293,RATHNAYAKE HARDWARE,14,"NO.1/4, IMBULDENIYA, DAWLAGALA, HANDESSA",Co-operate,0,0779190848/ 0757190848
292,PRIYA STORES,14,"NO.38, 14 ROAD, GAMPOLA",Co-operate,0,812351742
291,OMEGA ELECTRICALS,14,"NO.149D, D.S.SENANAYAKE STREET, 14",Co-operate,0,776318566
290,OXFORD ELECTRICALS,14,"NO.14/B, VICTORIA GOLF ROAD, DIGANA, RAJAWELLA",Co-operate,0,773615956
289,NUWAN ELECTRICALS,14,"NO.245/A, 9 ROAD, PILIMATHALAWA.",Co-operate,0,713682134
288,NIPPON ELECTRICALS - 14,14,"NO.54, KOTUGODALLA STREET, 14",Co-operate,0,0812224577/0773773951
287,NIPPON ELECTRICAL - MATALE,13,"NO.26, STATION ROAD, MATALE",Co-operate,0,0773638221/0773638239
286,NEW LIGHT ELECTRICALS,14,"NO.22/A, DUNUWILA ROAD, AKURANA",Co-operate,0,779472674
285,NEW GOLDEN HARDWARE,14,"NO.494, 9 ROAD, HENAWALA, KADUGANNAWA",Co-operate,0,0776360656/ 0712728220
284,MIHIRA ELECTRICALS,13,"NO.07, SUPER MARKET, 13",Co-operate,0,0777218016/0662224344
283,MACLEAN ELECTRICALS,14,"NO.83/1/A, UDA DHOOLWALA, HALOLUWA",Co-operate,0,770209887
282,M.S. ELECTRICALS & POWER TOOLS,14,"NO.905/10, NEW TOWN, DIGANA, RAJAWELLA",Co-operate,0,776890080
281,LIGHT HOUSE ELECTRICALS,14,"NO.112, D.S. SENANAYAKE STREET, 14",Co-operate,0,0812205206/ 0772809680
280,JANALANKA ELECTRICAL,13,"NO.329, MAIN STREET, 13",Co-operate,0,0773457478/ 0662226922
279,F & S ELECTRICALS,15,"NO.183A/3, UDU PUSALLAWA, HAWAELIYA",Co-operate,0,774100578
278,DILINI TRADE CENTER,12,"BOGAS JUNTION, ARAINANWILA",Co-operate,0,272257036
277,D & A ELECTRICALS,14,"NO.82, YATINUWARA VEEDIYA, 14",Co-operate,0,812205752
276,BEEMA GRAND CERAMIC,21,"NO.22, 21 ROAD, WELIMADA",Co-operate,0,0572245577/0775664545
275,ASITHA HARDWARE,21,"NO.14, FRONT OF HELA BOJUNHALA, MAHIYANGANAYA",Co-operate,0,552257055
274,WIMAL STORES,21,"MALIGATHANNA, PATTIYAGEDARA,  BANDARAWELA",Co-operate,0,0575684681/ 0710405511
273,US POWER ZONE,21,"21 ROAD, BANDARAWELA",Co-operate,0,777007866
272,THUSHARA TIMBER & HARDWARE,21,"NO.20, LONDAN ROAD, VIHARAGODA, 21",Co-operate,0,0777622938/ 0552232025
271,SANDALANKA HARDWARE & SHOP,21,"BIBILA ROAD, URANEEYA, RIDIMALIYADDA",Co-operate,0,0770084242/ 0552268180
270,SHA GOVISEWA,22,"OBBEYGODA, 22",Co-operate,0,554920772
269,SUPER SOUND ELECTRONIC,21,"NO.20, LOWER STREET, 21",Co-operate,0,0777619612/ 0552228792
268,RIHAM HARDWARE,19,"SCHOOL JUNCTION, S.H. ROAD, MEERAKERNY, ERAVUR",Co-operate,0,0752777316/ 0772833841
267,NAVIN CERAMIC,21,"NO.111, MAIN STREET, BANDARAWELA",Co-operate,0,572232020
266,NIMSARA ELECTRICALS,22,"MAIN STREET, BIBILE",Co-operate,0,713970448
265,N. K. P. HARDWARE,20,"KIDDANKI ROAD, NATPIDDIMUNAI, KALMUNE",Co-operate,0,769101539
264,NANDA ELECTRICALS,22,"NO-100, HAPUTALE ROAD, WALLAWAYA",Co-operate,0,0770881801 / 0770881801
263,NEW MEGA ELECTRICALS,21,"NO.137A, MAIN STREET, BANDARAWELA",Co-operate,0,572222734
262,M.S.M. SAJITH,20,"NO.215A/01, MCC RD, AKKAREPATHTHUWA",Co-operate,0,773767092
261,MULITY HARDWARE ,20,"NO.111/3, POLICE RD, SAMANTHUREI",Co-operate,0,775154566
260,L. K. STEEL,21,"NO.401, MAIN STREET, PASSARA",Co-operate,0,0740119221/ 0552288730
259,KASTHURIARACHCHI ELECTRICALS,22,"NO.623, WELLAWAYA ROAD, BUTTALA",Co-operate,0,773456676
258,JAYASEKARA STORES,21,"UVA MALIGATHANNA, PATTIGALA, MALIGATHANNA, BANDARAWELA",Co-operate,0,555678580
257,IRON WORLD,21,"NO.104, MAIN STREET, BANDARAWELA",Co-operate,0,572223521
256,ISURU LIGHTING,14,"CO-OP BUILDING, BRIDGE JUNCTION, WERAGANTHOTA",Co-operate,0,718456580
255,HASEENA TRADERS,19,"NO.165, MAIN STREET, ODDAMAWADI",Co-operate,0,776015876
254,HARRY TRADING,19,"NO. 302,TRINCO RD, BATTICALOA",Co-operate,0,652223583
253,FAROOHA & ELECTRICALS,19,"MAIN ST
REET, ERAUVUR",Co-operate,0,0774716178 / 0774716178
252,DEWLI ELECTRICALS & ENTERPRISES,22,"12TH MILE POST, RAJA MAWATHA, BUTTALA",Co-operate,0,0769083911/ 0715154573
251,DIKWELLA ELECTRICALS,22,"NO.22, HAPUTHALE ROAD, WELLAWAYA",Co-operate,0,552274670
250,C.R.M. HARDWARE,21,"NO. 70, BANDARAWELA ROAD, HALI-ELA",Co-operate,0,552295579
249,CHANDANA TRADE CENTER,22,"NO.176, WELLAWAYA ROAD, 22",Co-operate,0,552276016
248,ANGEL ELECTRICALS,19,"NO.143, MAMANGA, PULLEYAR KOVIL ROAD, BATTICALOA",Co-operate,0,779677743
247,ASIAN LANKA DISTRIBUTORS,21,"NO.123, MAIN STREET, BANDARAWELA",Co-operate,0,0572222928/ 0777289864
246,ASIAN ELECTRICALS-KATHANKUDI,19,"NO.26, MAIN STREET, KATHTHANKUDI 03.",Co-operate,0,"0772949095 , 0779005252"
245,AFSHAN ELECTRICALS,20,"MASJITHUN NOOR BUILDING, MARUTHAMUNAI",Co-operate,0,0778414649/ 0672224749
244,Y2K  ELECTRICALS,9,"NO.382, MAIN STREET, NEGAMBO",Co-operate,0,778352900
243,WESTERN PLYWOOD,7,"NO.64, MAIN STREET, 7",Co-operate,0,372052544
242,WIMALARATHNE TRADE CENTER,7,"NO.21, ILLUKITIYA, PIHIMBUWA",Co-operate,0,722096002
241,WETTASINGHA HARDWARE,6,"MAIN STREET, DUMMALASOORIYA",Co-operate,0,322240870
240,WAYAMBA HADWARE - DUMMALASURIYA,6,"NO.108, MAIN STREET, DUMMALASOORIYA",Co-operate,0,0322240539/ 0773627424
239,TINY ELECTRICALS,6,"50TH MAIN POST, KATUNERIYA",Co-operate,0,776031889
238,THISUM LIGHTING & ELECTRICALS,9,"NO.42, GIRIULLA ROAD, DIWULAPITIYA",Co-operate,0,0312246997/ 0778798455
237,THILAKA HARDWARE,7,"SUNANDAPURA, HETTIPOLA",Co-operate,0,0773301109/ 0775614040
236,THAMARA ELECTRICALS,6,"PULIYANKADAWALA, 7 ROAD, CHILAW",Co-operate,0,705275644
235,T & E TRADING,6,"CHILAW ROAD, MARAWILA",Co-operate,0,0322254444/ 0777500244
234,SHARADA ELECTRICALS,7,"SHARADA CONSTRUCTIONS, HORONBUWA JUNCTION, WARIYAPOLA",Co-operate,0,717451785
233,SURAN HARDWARE,6,"NO.57, CHILAW ROAD, DANKOTUWA",Co-operate,0,774042968
232,SUDESH ELECTRICALS,6,"CHILAW ROAD, WENNAPPUWA",Co-operate,0,778564192
231,STANLY HARDWARE,7,"MADAMPE ROAD, KANADULLA, KULIYAPITIYA",Co-operate,0,0372284645/ 0784416142
230,SHAN GLASS,6,"NO.145, NEGAMBO ROAD, NATTANDIYA",Co-operate,0,718351548
229,SAMPATH ELECTRICALS,9,"NO.167/01, MAHAHUNUPITIYA, NEGAMBO",Co-operate,0,0312237710/ 0773082107
228,SAMANPAHUWA STORES - NAGOLLAGODA,6,"NAGOLLAGODA, BINGIRIYA",Co-operate,0,768241865
227,SAMANPAHUWA STORES - BARAMPOLA,6,"CHILAW ROAD, BARAMPOLA, HALMILLAWEWA",Co-operate,0,372291603
226,S.S MOBILE & ELECTRICALS,7,"HETTIPOLA ROAD, KARAGAHAGEDARA, KULIYAPITIYA",Co-operate,0,0764766841/ 0718731230
225,S.S ELECTRICALS,9,"NO.9, RUWAN MADURA, ELLAKKALA",Co-operate,0,773513320
224,S.G.K GENARAL,7,"MAIN STREET, SIYAMBALAGASKOTUWA",Co-operate,0,0372247928/ 0776289544
223,ROYAL KEY CENTRE,9,"R.L. HEWAWITHARANA, NO.212/C/2, KATANA WEST, KATANA",Co-operate,0,0312240338/ 0773972080
222,QAREEDHAN GRAND MART,7,"BAMMANNA, NARANGODA, HORAWADUNNAGAMA",Co-operate,0,373124612
221,PRADEEP DISTRIBUTORS,7,"NO.462, PARAGAMMANA, PANNALA ROAD, YAKWILA",Co-operate,0,773903788
220,P.C.M. TECHNOLOGIES,7,"NO.267/1, DANGOLLA ROAD, DEEKIRIKAWA, NARAMMALA",Co-operate,0,373378220
219,NIPPON MAHAGEDARA,7,"NO.204/A, BANDAWA, POLGAHAWELA",Co-operate,0,372242666
218,NEW ILFRAD TRADE CENTRE,6,"NO.16, 9 ROAD, 6",Co-operate,0,322265586
217,NEW FUJI ELECTRICALS,9,"NO.151, CHILAW ROAD, PERIYAMULLA, NEGAMBO",Co-operate,0,772965373
216,NEW NATIONAL HARDWARE,7,"NO.8, 7 ROAD, RIDIGAMA",Co-operate,0,0724493230/ 0766752103
215,NEW CITY HARDWARE,7,"HIRIPITIYA ROAD, WELLAWA",Co-operate,0,0372235462/ 0777415131
214,NEGAMBO SALES CENTER,9,"NO.64, AWE MARIYA ROAD, NEGAMBO",Co-operate,0,0772266590/ 0312232400
213,NATHTHANDIYA ELECTRICAL,6,"MARAWILA ROAD, NATHTHANDIYA",Co-operate,0,76003996
212,N.K.S HARDWARE,7,"WADDENIYA ROAD, ALAWWATTA, ALAWWA",Co-operate,0,0716152134/0372277520
211,MULITY SERVICE,6,"NO.198, DIVURUMPOLA, ETHUNGAHAKOTUWA",Co-operate,0,0724646629/ 0786644191
210,MULITY HARDWARE,7,"NO.195/A, MADAMPE ROAD, KULIYAPITIYA",Co-operate,0,0372282929/ 0755464752
209,MOHOMAD ALI COMPANY,9,"NO.386, MAIN STREET, NEGAMBO",Co-operate,0,771501774
208,MEMONI ELECTRICALS,6,"HASITHA SANDDARUWAN, MARAWILA  ROAD, NATHTHANDIYA",Co-operate,0,776708797
207,MEGA ELECTRICALS-NEGAMBO,9,"NO.08A, STATION ROAD, NEGAMBO",Co-operate,0,0317223535/ 0770067310
206,MEGA ELECTRICALS - KURUNAGALA,7,"NO.40, MAIN STREET, 7",Co-operate,0,0372223277/ 0718888121
205,MAYON LANKA,9,"NO.280, GARDEN CITY, KATANA",Co-operate,0,372223277
204,MARS ELECTRICALS,9,"NO.229, OLD NEGAMBO ROAD,( KURANA), JA-ELA",Co-operate,0,114716887
203,MARAWILA ELECTRICALS,6,"NO.325, GODAWELA JUNCTION,MUDUKATUWA, MARAVILA",Co-operate,0,777784035
202,MAHAWEWA ELECTRICALS,6,"9 ROAD, MAHAWEWA",Co-operate,0,777396635
201,LASSANA LIGHT,7,"7 ROAD, WARIYAPOLA",Co-operate,0,728818888
200,LAKSHMAN TRADERS,7,"MATHAWA, KOHILEGEDARA, 7",Co-operate,0,773507258
199,LAKSHMAN HARDWARE - CHILAW,6,"NO.58/A, 7 ROAD, CHILAW",Co-operate,0,777788188
198,LAKSHAMAN HARDWARE - WENNAPPUWA,6,"NO.2, 9 ROAD, WENNAPPUWA",Co-operate,0,312250713
197,L.G.K LANKA,7,"NO. 66, D.B. WELAGEDARA STREET, 7",Co-operate,0,372229347
196,KUBUKULAWA GLASS CENTER,7,"KUMBUKULAWA, POLPITHIGAMA",Co-operate,0,0727737188/0727737187
195,KOTAKANDA HARDWARE,7,"BARANDANA, HINDAGOLLA",Co-operate,0,0788042995/ 072718595
194,KOCHCHIKADE ELECTRICALS,9,"NO.107A, CHILAW ROAD,KOCHCHIKADE",Co-operate,0,777888223
193,KITHSIRI ELECTRICALS,6,"9 ROAD, WENNAPPUWA",Co-operate,0,0312250966/0777870151
192,K-PVC,16,"KUDAGAMA, DOMBEMADA, RAMBUKKANA",Co-operate,0,0768614833/ 0777198979
191,JAYA SRI CONSTRUCTION,7,"CHILAW ROAD, MALWANA,WARIYAPOLA",Co-operate,0,779908227
190,IMALSHANA HARDWARE,6,"CHILAW ROAD, WAIKKAL",Co-operate,0,774677839
189,HETTIPOLA HARDWARE,7,"NO.28, MAIN STREET, HETTIPOLA",Co-operate,0,372291013
188,HEENKANDA ENTERPRICES,9,"NO.134/A2, KATANA ROAD, THIBIRIGAS KOTUWA, NEGAMBO",Co-operate,0,776275383
187,FOUNDEX ELECTRICALS,9,"NO.60, DE CROSS RD, NEGAMBO",Co-operate,0,776044816
186,F.N. ELECTRICALS - NEGAMBO,9,"NO.46, AWE MARIIYA ROAD, NEGAMBO",Co-operate,0,777972474
185,EMARALD TRADE CENTER,7,"CHILAW ROAD, HETTIPOLA",Co-operate,0,0372291127/ 0727801601
184,D.V. ELECTRICALS,6,"THALAGASPITIYA, BINGIRIYA",Co-operate,0,772298272
183,DIAMOND ELECTRICALS,6,"CHILAW ROAD, WENNAPPUWA",Co-operate,0,773754184
182,DESHAN TRADE CENTER,6,"MEDAGAMA ROAD, MADAMPE",Co-operate,0,773152633
181,DENETHA ELECTRICALS,9,"DUNAGAHA, NEGAMBO",Co-operate,0,0312247950/ 0767252860
180,DEAN SONS,6,"NO.137, 9 ROAD, MADAMPE",Co-operate,0,322247293
179,DAYA HARDWARE,9,"NEGAMBO ROAD, MARADAGAHAMULA",Co-operate,0,0312247095/ 0777517389
178,CITIZEN HARDWARE,6,"NO.06, NEGAMBO ROAD, PANNALA",Co-operate,0,0372246605/ 0779849238
177,CENTRAL HARDWARE,7,"NO.306, MADAMPE ROAD, KULIYAPITIYA",Co-operate,0,372281428
176,BRIGHT LIFE,6,"9 ROAD, THILLAYADI, PUTTLAM",Co-operate,0,728882888
175,ASIRI HARDWARE,7,"MADEENA BAZAR, SIYAMBALAGASKOTUWA",Co-operate,0,322246632
174,ASIAN HARDWARE,7,"MAIN STREET, SIYAMBALAGASKOTUWA, KATUPOTHA",Co-operate,0,0372247540/ 0712616033
173,ANURA HARDWARE,9,"MEERIGAMA ROAD, BADALAMA",Co-operate,0,775029968
172,A A MARKETING,7,SIYAMBALAGASKOTUWA,Co-operate,0,
171,A.K SHADES ELECTRICALS,7,"NO.53, D.B. WELAGEDARA STREET, 7",Co-operate,0,0372056288/0772822456
170,METHSITH ARANA,11,NOCHCHIYAGAMA,Co-operate,0,
169,TEEN GIRL,11,11,Co-operate,0,-
168,WIJAYA ELECTRICALS,11,"22ND POST, SALIYAWEWA",Co-operate,0,724887480
167,TESTLA ENGINNERING,11,"PUTTLAM RD, RAJANGANE, KALAOYA",Co-operate,0,715549379
166,WASANA ELECTRICALS,11,"NO.337/16, MOSQUE ROAD, 11",Co-operate,0,774253312
165,THILAKA ELECTRICALS,11,"NO.94, MAHAVIDIYA, 11",Co-operate,0,-
164,THILINA TRADERS,11,"PALUGASWEWA, EPPAWALA",Co-operate,0,252249062
163,SASINDU HARDWARE,11,"POLICE JUNCTION, RAJANGANAYA",Co-operate,0,-
162,SUPER ELECTRICALS - HIGURAKGODA,12,"NO.57, HIGURAGGODA",Co-operate,0,272240575
161,SUN ELECTRICALS,12,"NO.49, MAIN STREET, KADURUWELA, 12",Co-operate,0,272222882
160,SUMITH ELECTRICALS,11,"NAWAGATHTHEGAMA ROAD, THAMBUTHTHEGAMA",Co-operate,0,775098655
159,STAR ELECTRICALS - KADURUWELA,12,"NO.33, MAIN STREET, KADURUWELA, 12",Co-operate,0,272222297
158,SIYABALAPITIYA ELECTRICALS,13,"KALAWEWA ROAD, BULNEWA, DEWAHOOWA",Co-operate,0,774655951
157,SHASHI ELECTRICALS,11,"NO.122, BANK SITE, 11",Co-operate,0,777383860
156,SADEW ELECTRICALS,11,"SALIYAPURA, 4 ALA",Co-operate,0,705894685
155,SANDANUWAN ENTERPRICESS,11,"PALADIKULAMA JUNCTION, 14 ROAD, 11",Co-operate,0,714034003
154,REGAL HARDWARE,12,"NO.748, MAIN STREET, KADURUWELA",Co-operate,0,772549572
153,ROHANA ELECTRICALS,11,"NO.6/7, PALUGASWEWA, THALAWA ROAD, EPPAWALA",Co-operate,0,771812027
152,RAJAPAKSHA HARDWARE,12,"DIYASENPURA, MADIRIGIRIYA",Co-operate,0,272054291
151,PRABODHA GLASS CENTER,11,"KUNCHIKULAMA, IPALOGAMA",Co-operate,0,772549005
150,POWER ELECTRICALS,13,"NO.786, 11 ROAD, DAMBULLA",Co-operate,0,775203701
149,12 ELECTRICALS,12,"NO.580, MAIN STREET, KADURUWELA",Co-operate,0,272222135
148,NEW ROYAL PAINT CENTER,11,"NO.70, NEW TOWN, THAMBUTHTHEGAMA",Co-operate,0,760545562
147,NIPPON ELECTRICALS-ANURADAPURA,11,"NO.3, NEW BUS STAND, 11",Co-operate,0,777075799
146,NEW WAYAMBA HARDWARE - MALSIRIPURA,7,"NO.495, DAMBULLA ROAD, MALSIRIPURA",Co-operate,0,777936873
145,NEW LANKA HARDWARE,11,"NO.64/4, MARKET SITE, 11",Co-operate,0,252235576
144,NEW CITY HARDWARE - GALGAMUWA,11,"NO.16/E, 11 ROAD, GALGAMUWA",Co-operate,0,372254027
143,NEW  LUCKY HARDWARE,13,"5TH MILE POST, DEWAHUWA",Co-operate,0,-
142,NASREEN TRADERS,11,"BAZAR STREET, NACHCHADUWA",Co-operate,0,0252280166/0778662266
141,NABESSA HARAWARE,11,"NO.19, KADA 50, BANDARANAYAKE MAWATHA, A'PURA",Co-operate,0,252236120
140,MEGA ELECTRICALS,11,"11 ROAD, AMBANPOLA",Co-operate,0,0771671895/ 0714447778
139,MULITY ELECTRICALS - KADURUWELA,12,"NO.602, MAIN STREET, KADURUWELA",Co-operate,0,707777719
138,LUCKY HARDWARE - WAHAKOTTE,7,"ELAMALPOTHA, WAHAKOTTE",Co-operate,0,662289372
137,LENADORA HARDWARE,13,"13 ROAD, LENADORA",Co-operate,0,768751115
136,KUMARI HARDWARE,11,"RAJAPAKSHAGAMA, THABUTTHEGAMA, 11",Co-operate,0,705958000
135,KAVISHA ELECTRICALS,11,"521/73, NEW BUS STAND, 11",Co-operate,0,777981581
134,JAYAKODI HARDWARE,11,RAJANGANAYA,Co-operate,0,-
133,JAYAWEERA ELECTRICALS,11,"NO.321/C, 1ST LANE, BODIRAJAPURA, KURUNDANKULAMA",Co-operate,0,776117686
132,JAYANETH ELECTRICALS,13,"NO.360A, 14 ROAD, DAMBULLA",Co-operate,0,724509166
131,JAYAMINI STORES,11,"MAHAMANKADAWALA ROAD, ELAYAPATHTHUWA",Co-operate,0,727213750
130,JANATHA HARDWARE,11,"BAZAR STREET, NACHCHADUWA",Co-operate,0,771172304
129,I.R.S HAREWARE,11,GALGAMUWA,Co-operate,0,-
128,INSHAF HARDWARE,11,"KALAWEWA, 11",Co-operate,0,716097378
127,INDUWARA HARDWARE,11,"NO.13, 6 ROAD, NOCHCHIYAGAMA",Co-operate,0,252257031
126,INDIKA TRADE CENTER,11,"PUTTLAM ROAD, NOCHCHIYAGAMA",Co-operate,0,252257669
125,HESHAN MOBILE,11,"NO.5, HOSPITAL ROAD, THAMBUTTEGAMA",Co-operate,0,713013809
124,HEMANTHA GLASS,6,"7 ROAD, ANAMADUWA",Co-operate,0,0325635147/ 0776805147
123,GOLDEN HARDWARE - TRINCO,18,"NO.58/1, 14 ROAD, THINCOMALEE",Co-operate,0,602268448
122,F.N.F TRADERS,6,"NO.16, THODUWA ROAD, MADURANKULIYA",Co-operate,0,711450053
121,DILINI TRADERS,12,"BOGAS JUNCTION, ARANAGANWILA",Co-operate,0,272257036
120,D.J.H. BANDA & SONS,11,"THAMBUTTEGAMA ROAD, EPPAWALA",Co-operate,0,252249125
119,CHATHURANGA  HARDWARE,11,"GALKADAWALA ROAD, KATUKALIYAWA, 11",Co-operate,0,-
118,CITY ELECTRICALS - TRINCO,18,"NO.24/1, SEA VIEW ROAD, THINCOMALEE",Co-operate,0,777285850
117,CHIMA CHIMA TRADERS,7,"NO.15, DAMBULLA ROAD, MALSIRIPURA",Co-operate,0,712392274
116,CAPITAL ELECTRICALS - GALEWALA,13,"NO.152, DAMBULLA ROAD, GALEWELA",Co-operate,0,770077094
115,BORALESSA ELECTRICALS,12,"MAIN STREET, MEDIRIGIRIYA",Co-operate,0,775457620
114,ABDUL RAHIM,11,MEDAWACHCHIYA,Co-operate,0,717370404
113,ABM ENTERPRISES,11,"AIR PORT ROAD, 11",Co-operate,0,070667800/ 0718587439
112,ASOKA ELECTRICALS,11,"NO.43, MARKET PLACE, 11",Co-operate,0,252224130
111,ASIAN HARDWARE - KAKIRAWA,11,"NO.210, MAIN STREET, KAKIRAWA",Co-operate,0,252264338
110,AMILA SIVILIMA,7,HOROMBUWA JUNCTION. WARIYAPOLA.,Co-operate,0,717451785
109,AMILA HARDWARE,11,"MAHAGOLKADAWALA, GALGAMUWA",Co-operate,0,372053657
108,ABISHEKA ELECTRICALS,13,"NO.671, 11 ROAD, DAMBULLA",Co-operate,0,711213715
107,A.H.M HARDWARE,13,"HAMEEDIA SHOPING COMPLEX, GALEWELA",Co-operate,0,778426005
106,WIJERATHNE ENTERPRICES - KURUVITA,17,"MALAWA JUNCTION, KURUVITA",Co-operate,0,452253332
105,WASANTHA HARDWARE,16,"NO.384/4, DEEVELA, PALLEGAMA",Co-operate,0,769743990
104,WIN-TEC ELECTRICALS,17,"NO.371/A, MAIN STREET, EHALIYAGODA",Co-operate,0,364549550
103,WAJIRA HARDWARE,8,"NO.27/1/O, RADAWANA ROAD, KIRIDIWELA",Co-operate,0,0332267701/ 0768215821
102,UNITED GLASS HOUSE & HARDWARE,16,"NO.01, GAMPOLA JUNCTION, HEMMATHAGAMA",Co-operate,0,0776194548/0719565745
101,U.S.S ELECTRICALS-BUD,8,"NO.47, 14 ROAD, KADAWATHA",Co-operate,0,0112925165/ 0704501500
100,TESHMI ELECTRICALS,16,"C-7, 16 ROAD, KARAUDENIYA, RUWANWELLA",Co-operate,0,0770439975/ 0362265660
99,S K N HARDWARE,8,"NO. 3/3, 14 ROAD, KIRILLAWALA, KADAWATHA",Co-operate,0,011291259/ 0759589680
98,SEWANA HARDWARE,16,"NO.81, 7 ROAD, RAMBUKKANA",Co-operate,0,718140224
97,SUDARA ENTERPRICESES,23,"NO.09, MAIN STREET, AMBALANTHOTA",Co-operate,0,0472223043/0712598444
96,SOLIT MARK LIGHTING,23,"THISSA ROAD, TANGALLA",Co-operate,0,0472241576/ 0770730703/0711481463
95,SHEHAM HARDWARE,17,"NO.345, KUDUGALAWATTA,17",Co-operate,0,0452230103/ 0717331075
94,SASHI HARDWARE,17,"THIRIWANA, PARAKADUWA",Co-operate,0,771888299
93,SANDEEP HARDWARE,17,"MARAGAHAYATA, PARADISE, KURUVITA",Co-operate,0,0773816311/ 0452261102
92,SANASUMA HARDWARE,8,"WILIMBULA, HENEGAMA, KIRINDIWELA",Co-operate,0,0332267792/ 077357480
91,SAHANMA LIGHT,17,"NO.88, MARAKETIYA ROAD, EMBILIPITIYA",Co-operate,0,472230200
90,RUHUNU ELECTRICALS & ELECTRONICS,23,"NO.55, MAIN STREET, 23",Co-operate,0,0472222544/ 0773791232
89,REGAL HARDWARE - MAWANALLA,16,"NO.11, HIGHWAY COMPLEX, NEW 14 ROAD, MAWANELLA",Co-operate,0,777803251
88,RAJARATA HARDWARE,16,"NO.118, MAIN STREET, MAWANELLA",Co-operate,0,0352246885/ 0776904235
87,RAJARATA HARDWARE,16,"HETTIMULLA, 16",Co-operate,0,352236706
86,PALMADULLA ELECTRICALS,17,"NO.101/2P,MAIN ROAD, PALMADULLA",Co-operate,0,777409908
85,ORIGIN POWER ELECTRICALS,8,"NO.650/1, ATTANA25 ROAD, NITTAMBUWA",Co-operate,0,0771118005/ 0770853481
84,NEW COMMERCIAL HARDWARE,8,"NO.437, 14 ROAD, NITTAMBUWA",Co-operate,0,033492216/ 0779950735
83,NEW CENTRAL HARDWARE,16,"NO. /1 D, NEW 14 ROAD, MAWANELLA",Co-operate,0,773671899
82,NEW MAHAJANA STORES,16,"NO.37, MAIN STREET, MAWANELLA",Co-operate,0,0352246232/ 0779797427
81,NEW LAKMAL ELECTRICALS,16,"NO. 254, 14 ROAD, MAWANELLA",Co-operate,0,0357200667/ 0766963237
80,NATIONAL HARDWARE - NITTABUWA,8,"NO.50, 14 ROAD, NITTAMBUWA",Co-operate,0,0332288811/ 077224769
79,N.S. HARDWARE  & PLYWOOD,16,"NO. 280, 7 ROAD, MANGEDARA, THULHIRIYA",Co-operate,0,0352268770/ 0779263798
78,MAHELA ELECTRICALS,16,"NO.24, RAMBUKKANA ROAD, MAWANELLA",Co-operate,0,773040934
77,MAGAMPURA HARDWARE,23,"A /14, SIRIBOPURA, THISSA ROAD, 23",Co-operate,0,0714048296/ 0727048296
76,KIRIELLA ELECTRICALS,17,"NO.06, IDANGODA, KIRIELLA",Co-operate,0,0777755519/ 0767755519
75,HASHEEM HARDWARE PVT LTD,16,"NO.579, DIPPITIYA, ARANAYAKA",Co-operate,0,773533660
74,FINAL TOUCH ELECTRICALS,10,"NO.227, MAIN STREET, DARGA TOWN",Co-operate,0,342291200
73,FASHION LIGHT,8,"NO.126/7/15, GEMROSE BUILDING, 14 ROAD, THIHARIYA",Co-operate,0,0332289077/ 0773793233/ 0779363811
72,ELECTRIC LANKA HOLDINGS,17,"NO.141/B, BANS RATHWATHTHA ROAD, BALANGODA",Co-operate,0,0702172747/0711166777
71,DOLPIN ELECTRICALS,16,"NO.04, PARAGAMMANA JUNCTION, 16",Co-operate,0,777106143
70,DENTO ELECTRICALS,17,"NO.248, MAIN STREET, 17",Co-operate,0,0767166148/ 0452230849
69,DEEPTHI ELECTRICALS,8,"NO. 67/1/A, 14 ROAD, KADAWATHA",Co-operate,0,0112926229/ 0773049655
68,DAWATAGE  ENTERPRISES,8,"NO.91/1, NEW 14 ROAD, WELIWERIYA",Co-operate,0,771396850
67,CITY LIGHT ELECTRICAL -THIHARIYA,8,"NO.109, 14 ROAD, THIHARIYA",Co-operate,0,0332297235/ 0768065098
66,CITY ELECTRICALS - BALANGODA,17,"NO.23, NEAR DORAWELA BRIDGE, BALANGODA",Co-operate,0,0602468918/ 0777460844
65,CHATHURANGA ELECTRICALS,17,"NEW TOWN ROAD, EMBILIPITIYA",Co-operate,0,0473125955/ 0714853627
64,CENTRAL HARDWARE,8,"NO.20, MAIN STREET, KIRINDIWELA",Co-operate,0,777432632
63,BALANGODA ELECTRICALS,17,"NO.30, MAIN STREET, BALANGODA",Co-operate,0,452286725
62,AKEA CERAMIC & HARDWARE,16,"NO.511/A,DIPPITIYA,ARANAYAKE",Co-operate,0,0352259659/0777732022
61,ASIAN ELECTRICALS,8,"DANOVITA ROAD, MEERIGAMA",Co-operate,0,0724365237/ 0771298310
60,WEST WOOD,9,"NO.64/B, PANNIYAPIYA",Co-operate,0,
59,WICKRAMA ELECTRICALS,10,"NO.44/1, 17 ROAD, SAWGAS JUNCTION, MUNAGAMA, HORANA",Co-operate,0,0387201222/ 0772295954
58,WINRI ELECTRICALS,9,"NO.349, OLD KOTTAWA ROAD, EMBULDENIYA, NUGEGODA",Co-operate,0,773666288
57,VISHMA ENTERPRISES,9,"NO.42,9 ROAD,AVISSAWELLA",Co-operate,0,0362232181/ 0777353758
56,VITHANAGE ELECTRICLAS,9,"KESBEWA ROAD, BORALASGAMUWA",Co-operate,0,112519001
55,VALUE VISION,9,"NO.363/B/2, PANNIPITIYA ROAD, THALAWATHUGODA",Co-operate,0,0773225564/ 0117055564
54,UDANI ELECTRONIC,25,"NO.2, OPPOSITE BUS STAND, HABARADUWA",Co-operate,0,912283814
53,THARINDU ELECTRICALS,9,"NO. 214/B/1, MAKOLA ROAD, KIRIBATHGODA",Co-operate,0,775667274
52,TIMEE ELECTRICALS,9,"SUPER MARKET, NUGEGODA",Co-operate,0,112853430
51,SUMAL ELECTRICALS,10,"NO.1/4/4, 25 ROAD, 10 NORTH",Co-operate,0,342236487
50,SOUTH ASIAN ELECTRICALS,9,"NO.109/1/A, HIGH LEVEL ROAD, MORAKATIYA, PANNIPITIYA",Co-operate,0,772156650
49,SOLETCO ELECTRICALS,9,"NO.51/2/A, HORANA ROAD, HONNANTHARA, PILIYANDALA",Co-operate,0,768638809
48,SHA ELECTRICALS & CONSTRUCTIONS,9,"NO.648/3B, MADIWELA ROAD, THALAWATHUGODA",Co-operate,0,0778519671/ 0773637236
47,SCAME ELECTRICALS,9,"NO.282/A, LAKE ROAD, BORALASGAMUWA",Co-operate,0,114835067
46,SARATH ENTERPRISES,9,"NO.201, HIGH LEVEL ROAD, 9 06",Co-operate,0,777707020
45,S.M. ELECTRICALS,9,"NO. 262, BORELLA ROAD, PANAGODA, HOMAGAMA",Co-operate,0,704125033
44,R.A.D. ELECTRICALS,9,"NO.458/3,HOMAGAMA ROAD,ATHURUGIRIYA",Co-operate,0,0112762632/ 0758793034
43,RANGA ELECTRICALS,25,"NO.45, MATARA ROAD, PETTIGALA MAWATHA, 25",Co-operate,0,0769242360/0915050042
42,R.S.T. TRADERS,25,"NO.101/A, H.K. EDMOND ROAD, 25",Co-operate,0,776732379
41,PATHUM HARDWARE,8,"NO.699, NEW 14 ROAD, YATIHENA, MALWANA (BIYAGAMA)",Co-operate,0,0717586053/ 0710680502
40,PUBUDU SUPPLIERS,9,"NO.311/B, MAWATHAGAMA, PADUKKA",Co-operate,0,714200793
39,PRAVEEN  ELECTRICALS,9,"NO.05, 25 ROAD, MORATUWA",Co-operate,0,0112641369/ 0773620412
38,PRAMOD ELECTRICAL,9,"NO.177E, BORELLA ROAD, PORE, ATHURUGIRIYA",Co-operate,0,710652662
37,POWER GRANT,10,"NO.438, DESHA SEWA MAWATHA, MAIN STREET, PANADURA",Co-operate,0,768468922
36,PANAL TEC ELECTRICALS,9,"MEEGODA ROAD, PADUKKA",Co-operate,0,750364113
35,P.P.S TRADING COMPANY,9,"NO.546, KADUWELA ROAD, THALAHENA, BATTARAMULLA",Co-operate,0,0114366372/ 0718222208
34,P.C ELETRICALS,9,"HIGH LEVEL ROAD, PAHATHGAMA, HANWELLA",Co-operate,0,362253965
33,NEW SUPPER ELECTRICALS,9,"NO.404/04A, ATHURUGIRIYA, MALAMBE",Co-operate,0,112054160
32,NEW CASCADE ELECTRICALS,9,"NO.501/A, PUWAKPITIYA, AWISSAWELLA",Co-operate,0,777757035
31,NEW NUGEGODA ELECTRICALS,9,"NO.45, STATION ROAD, HOMAGAMA",Co-operate,0,0112816231/ 0714161131
30,NEW MALMADU ELECTRICALS,9,"NO.355/2/A, HORANA ROAD, PADUKKA",Co-operate,0,112087434
29,NEW LANKA LIGHTING,10,"NO.173/B, 25 ROAD, 10 SOUTH",Co-operate,0,0347201773/0775321754
28,MISSION ELECTRICALS,9,"NO.18, AVISSAWELLA ROAD, MULLERIYAWA NEW TOWN (GALWANA JUNCTION)",Co-operate,0,0717599329/ 0777599329
27,MEGA ELECTRICALS,10,"NO.297, PANADURA ROAD, HORANA",Co-operate,0,0768979306/ 0347301301
26,METRO LIGHT SHOP,25,"NO.05, WARD STREET,25",Co-operate,0,773402202
25,LIYANAGE HARDWARE,9,"NO.239/01, SIRISUMANA MAWATHA, MULLERIYAWA NEW TOWN",Co-operate,0,776499596
24,KALYANI ELECTRICALS  TRADING,10,"NO.90A, AGALAWATHA ROAD, MATHUGAMA",Co-operate,0,342247165
23,JAYANI ELECTRICALS,25,"AKURASSA ROAD, IMADUWA",Co-operate,0,0772112450/0716108797
22,JAYANTHA ELECTRICALS,9,"NO.454/1A,MAKUBURA,PANNIPITIYA",Co-operate,0,0112783488/ 0760606253
21,JAYASOMA ELECTRICALS,9,"MAIN STREET, ATHURUGIRIYA",Co-operate,0,112561064
20,JAYALOKA ELECTRICALS,9,"NO.43, 9 ROAD, PILIYANDALA",Co-operate,0,0112615665/ 0777905600
19,INFATH HARDWARE,10,"NO.53, PANADURA ROAD, BANDARAGAMA",Co-operate,0,382288049
18,HORANA ELECTRICALS,10,"NO.311/D, PANADURA ROAD, HORANA",Co-operate,0,0719287936/ 0776783934
17,HEYLI ELECTRICALS,9,"NO.133/23, HIGH LEVEL ROAD, KOTTAWA",Co-operate,0,112817877
16,HESHALI ELECTRICALS,10,"NO.01, MANKADA JUNCTION, BOMBUWALA, 10 SOUTH",Co-operate,0,765397678
15,GUNATHILAKA ELECTRICALS,9,"NO.776/3, PANNIPITIYA, PALAWATTA",Co-operate,0,714299050
14,GUNARATHNE ELECTRICALS,9,"NO.75, SUPER MARKET, MAHARAGAMA",Co-operate,0,112851900
13,GODAGAMA ELECTRICALS,9,"NO.494/2, HIGH LEVEL ROAD, GODAGAMA",Co-operate,0,773572319
12,GAMAGE ELECTRICALS,9,"NO.100/2, 9 ROAD, BOKUNDARA",Co-operate,0,703790702
11,GAGANA ELECTRICALS,9,"NO.510B, THALANGAMA NORTH, BATTARAMULLA",Co-operate,0,112741168
10,EXCELLENT HARDWARE,9,"NO.160, AMBALANDUWA, PANADURA",Co-operate,0,715154081
9,DISANAYAKE ELECTRICALS,9,"NO.15, NAWALA ROAD, NUGEGODA",Co-operate,0,115615573
8,DAWOOD & SONS,9,"NO.259, 25 ROAD, MT.LAVINIA",Co-operate,0,774179314
7,DANESH ELECTRICALS,9,"NO.30, LAKE ROAD, BORALASGAMUWA",Co-operate,0,772993971
6,D & D ENTERPRICESS,9,"NO.148/1A/2, PAHALA HANWELLA, HANWELLA",Co-operate,0,779214619
5,CHANDANA HARDWARE STORES,9,"NO.441, TYRE JUNCTION, 14 ROAD, DALUGAMA, KELANIYA",Co-operate,0,112907931
4,CASCADE ELECTRICALS,9,"NO.616, PUWAKPITIYA, AWISSAWELLA",Co-operate,0,776119961
3,ATHURUGIRIYA ELECTRICALS,9,"NO.123/4, KADUWELA ROAD, ATHURUGIRIYA",Co-operate,0,713506915
2,ASHEN ELECTRICALS,9,"NO.130/2, HORANA ROAD, KESBEWA",Co-operate,0,0112620340/0773467666
1,A.N. ELECTRICALS,9,"NO.13, OLD KIRULAPONA ROAD, NUGEGODA",Co-operate,0,114864355
